20210413_095158.jpg|0|there are two men standing next to each other in front of a building
20210413_095158.jpg|1|two men standing next to each other in front of a building
20210413_095158.jpg|2|these two men are standing next to each other in front of a building
20210413_095158.jpg|3|this is a picture of two men standing next to each other in front of a building
20210413_095158.jpg|4|two men standing next to each other on a sidewalk in front of a building
1.jpg|0|brown dog running with a tennis ball in its mouth in the grass
1.jpg|1|there is a dog that is running with a tennis ball in its mouth
1.jpg|2|brown dog running with a tennis ball in its mouth in the grass
1.jpg|3|brown dog running with a tennis ball in its mouth in the grass
1.jpg|4|there is a dog that is running with a tennis ball in its mouth
1uldDJv.jpg|0|three horses running through a body of water with mountains in the background
1uldDJv.jpg|1|herd of horses running through water in open field with mountains in background
1uldDJv.jpg|2|there are two horses that are running in the water together
1uldDJv.jpg|3|there are two horses that are running in the water together
1uldDJv.jpg|4|there are two horses running through a body of water with mountains in the background
2.jpg|0|this is an image of a dog running with a tennis ball in its mouth
2.jpg|1|dog running with a tennis ball in its mouth in the grass
2.jpg|2|there is a dog that is running with a ball in it ' s mouth
2.jpg|3|the dog is running in the grass with a ball in its mouth
2.jpg|4|this is an image of a dog running with a tennis ball in its mouth
3.jpg|0|brown and white dog running with a tennis ball in its mouth
3.jpg|1|brown and white dog running with a tennis ball in its mouth
3.jpg|2|this is a picture of a dog running with a tennis ball in its mouth
3.jpg|3|brown and white dog running with a tennis ball in it ' s mouth
3.jpg|4|there is a brown and white dog running with a tennis ball in its mouth
4.jpg|0|there is a dog that is running with a ball in its mouth
4.jpg|1|there is a dog that is running with a ball in it ' s mouth
4.jpg|2|dog running with a tennis ball in its mouth in the yard
4.jpg|3|this is a dog running with a tennis ball in its mouth
4.jpg|4|there is a dog that is running with a ball in it ' s mouth
5.jpg|0|this is a dog jumping in the air with a ball in it ' s mouth
5.jpg|1|this is a dog that is jumping in the air to catch a ball
5.jpg|2|there is a dog that is jumping in the air with a ball in it ' s mouth
5.jpg|3|##ooooooooooooooooooooooooooooooooooooooooooooooooooooooooooooooooooooooooooo this is this is a dog jumping for a ball of
5.jpg|4|there is a dog that is jumping in the air with a ball in it ' s mouth
6.jpg|0|this is a dog playing with a soccer ball in the grass
6.jpg|1|this is a dog playing with a soccer ball in the grass
6.jpg|2|young beagle playing with a soccer ball in a grassy field royalty photo
6.jpg|3|there is a dog that is playing with a soccer ball in the grass
6.jpg|4|there is a dog that is playing with a soccer ball in the grass
2018-02-02-e-lee-mike-jordan-mark-belle-philadelphia-south-street-barbers-2-768x512.jpg|0|man getting his hair cut at a barber shop with other men in the background
2018-02-02-e-lee-mike-jordan-mark-belle-philadelphia-south-street-barbers-2-768x512.jpg|1|smiling man getting his hair cut by a barber in a barber shop
2018-02-02-e-lee-mike-jordan-mark-belle-philadelphia-south-street-barbers-2-768x512.jpg|2|this is a man getting his hair cut at a barber shop
2018-02-02-e-lee-mike-jordan-mark-belle-philadelphia-south-street-barbers-2-768x512.jpg|3|man getting his hair cut at a barber shop while others look on
2018-02-02-e-lee-mike-jordan-mark-belle-philadelphia-south-street-barbers-2-768x512.jpg|4|there is a man cutting another man ' s hair in a barber shop
212941-reptile-snake-animals.jpg|0|there is a green snake that is sitting on a branch
212941-reptile-snake-animals.jpg|1|this is a close up of a green snake on a branch
212941-reptile-snake-animals.jpg|2|the snake is curled up on a branch with a black background
212941-reptile-snake-animals.jpg|3|this is a close up of a green snake on a branch
212941-reptile-snake-animals.jpg|4|there is a green snake that is sitting on a branch
254511.jpg|0|these are two snakes, one black and one brown, laying on the ground
254511.jpg|1|this is an image of a black snake curled up on the ground
254511.jpg|2|the black snake is curled up on the ground in the forest
254511.jpg|3|there is a black snake that is curled up on the ground
254511.jpg|4|this is a close up of a black snake with its mouth open
279385.jpg|0|some black and white cows are standing in a field of tall grass
279385.jpg|1|some black and white cows are standing in a field of tall grass
279385.jpg|2|herd of black and white cows standing in a field of tall grass
279385.jpg|3|black and white cows standing in a field of tall grass under a cloudy blue sky
279385.jpg|4|some black and white cows are standing in a field of tall grass
376920.jpg|0|there are two horses running together in a field of tall grass
376920.jpg|1|these two horses are running together in a field of tall grass
376920.jpg|2|there are two horses that are running in the grass together
376920.jpg|3|there are two horses running together in a field of tall grass
376920.jpg|4|these two horses are running together in a field of tall grass
705543.jpg|0|there is a cat that is sitting on the floor with a pair of scissors in it ' s mouth
705543.jpg|1|beige and black cat sitting on the floor next to a pair of scissors
705543.jpg|2|brown and white cat playing with a pair of scissors on the floor
705543.jpg|3|brightly colored cat playing with a pair of scissors on the floor
705543.jpg|4|kitten playing with a pair of scissors on the floor of a living room
1608216.jpg|0|this is an image of a horse running in a field at sunset
1608216.jpg|1|brightly colored photograph of a horse running in a field with a cloudy sky in the background
1608216.jpg|2|there is a horse that is running on the grass in the sunset
1608216.jpg|3|there is a horse that is running in the grass on a cloudy day
1608216.jpg|4|there is a horse that is running on the grass at sunset
AdobeStock_33675426.jpg|0|they are two dogs that are playing with a tennis ball in the grass
AdobeStock_33675426.jpg|1|yellow labrador puppy playing with a tennis ball in its mouth
AdobeStock_33675426.jpg|2|brightly colored puppy running with tennis ball in mouth in grassy yard
AdobeStock_33675426.jpg|3|there is a dog that is playing with a tennis ball in the grass
AdobeStock_33675426.jpg|4|brown and white puppy playing with a tennis ball in a grassy yard
animal-close-up-country-459124.jpg|0|there is a horse that is standing in the grass with mountains in the background
animal-close-up-country-459124.jpg|1|there is a horse that is standing in the grass with mountains in the background
animal-close-up-country-459124.jpg|2|mountains are in the background and a horse is standing in the foreground
animal-close-up-country-459124.jpg|3|there is a horse that is standing in the grass with mountains in the background
animal-close-up-country-459124.jpg|4|grey and white horse standing in a green field with mountains in the background
a-young-tanned-guy-behind-a-barbed-wire-fence-holds-his-hands-on-a-steel-wire-against-a-blue-sky-displeased-face-horizontal-2BM6WTB.jpg|0|a man standing behind a barbed wire fence holding his fist up in the air - stock image
a-young-tanned-guy-behind-a-barbed-wire-fence-holds-his-hands-on-a-steel-wire-against-a-blue-sky-displeased-face-horizontal-2BM6WTB.jpg|1|a shirtless man standing behind a barbed wire fence holding his fist up in the air - stock image
a-young-tanned-guy-behind-a-barbed-wire-fence-holds-his-hands-on-a-steel-wire-against-a-blue-sky-displeased-face-horizontal-2BM6WTB.jpg|2|a man standing behind a barbed wire fence with his arms up in the air - stock image
a-young-tanned-guy-behind-a-barbed-wire-fence-holds-his-hands-on-a-steel-wire-against-a-blue-sky-displeased-face-horizontal-2BM6WTB.jpg|3|a shirtless man standing behind a barbed wire fence with his arms in the air - stock image
a-young-tanned-guy-behind-a-barbed-wire-fence-holds-his-hands-on-a-steel-wire-against-a-blue-sky-displeased-face-horizontal-2BM6WTB.jpg|4|a man behind a barbed wire fence with his arms raised up in the air - stock image
black-barber-shops.jpg|0|these men are getting their hair cut by a professional hair stylist
black-barber-shops.jpg|1|someone is cutting a man ' s hair with a hair dryer
black-barber-shops.jpg|2|man getting a haircut in a barber shop while another man looks on
black-barber-shops.jpg|3|some men are getting their hair cut at a barber shop
black-barber-shops.jpg|4|barber cutting a man ' s hair with an electric hair dryer
cat-playing-with-mouse-toy-carpet_762026-99801.jpg|0|there is a cat that is playing with a ball on the floor
cat-playing-with-mouse-toy-carpet_762026-99801.jpg|1|grey and white cat playing with a ball on the floor
cat-playing-with-mouse-toy-carpet_762026-99801.jpg|2|these are two kittens playing with a ball on the floor
cat-playing-with-mouse-toy-carpet_762026-99801.jpg|3|there is a cat that is playing with a ball on the floor
cat-playing-with-mouse-toy-carpet_762026-99801.jpg|4|there is a cat that is playing with a ball on the floor
cow-431729_1280.jpg|0|there is a brown cow with long horns standing in a field of grass
cow-431729_1280.jpg|1|there is a long haired cow standing in a field with yellow flowers
cow-431729_1280.jpg|2|hairy brown cow with long horns standing in a field of yellow flowers
cow-431729_1280.jpg|3|there is a bull that is standing in a field of grass
cow-431729_1280.jpg|4|trees and yellow flowers in a field with a long horned cow in the foreground
cow-6360406_1280.jpg|0|they are brown and white cows standing in a field of tall grass
cow-6360406_1280.jpg|1|this is a brown and white cow standing in a field of tall grass
cow-6360406_1280.jpg|2|brown and white cow standing in tall grass with ear tags on it ' s ears
cow-6360406_1280.jpg|3|there is a brown and white cow standing in a field of tall grass
cow-6360406_1280.jpg|4|there is a brown and white cow standing in a field of tall grass
cute-cat-playing-with-game-tunnel-on-carpet-at-home-2GFR8FE.jpg|0|this is an image of a cat sitting in a bucket on the floor - stock image
cute-cat-playing-with-game-tunnel-on-carpet-at-home-2GFR8FE.jpg|1|portrait of a grey cat sitting in a blue tube on the floor of a living room - stock image
cute-cat-playing-with-game-tunnel-on-carpet-at-home-2GFR8FE.jpg|2|portrait of a cat sitting in a blue bucket on the floor of a living room - stock image
cute-cat-playing-with-game-tunnel-on-carpet-at-home-2GFR8FE.jpg|3|there is a cat that is sitting inside of a bucket on the floor
cute-cat-playing-with-game-tunnel-on-carpet-at-home-2GFR8FE.jpg|4|there is a cat that is sitting inside of a bucket on the floor
cute-funny-cat-playing-with-owner-while-lying-on-carpet-at-home-TW07HD.jpg|0|this is an image of a person petting a cat on the floor - stock image
cute-funny-cat-playing-with-owner-while-lying-on-carpet-at-home-TW07HD.jpg|1|there is a cat that is playing with someone ' s hand on the carpet
cute-funny-cat-playing-with-owner-while-lying-on-carpet-at-home-TW07HD.jpg|2|there is a person petting a cat laying on the floor - stock image
cute-funny-cat-playing-with-owner-while-lying-on-carpet-at-home-TW07HD.jpg|3|this is an image of a person petting a cat on the floor - stock image
cute-funny-cat-playing-with-owner-while-lying-on-carpet-at-home-TW07HD.jpg|4|this is an image of a cat playing with a person ' s hand - stock image
ginger-cat-playing-toy-carpet-287142999.jpg|0|yellow cat playing with a pink toy on a pink rug
ginger-cat-playing-toy-carpet-287142999.jpg|1|there is a cat that is playing with a toy on the floor
ginger-cat-playing-toy-carpet-287142999.jpg|2|there is a cat that is playing with a toy on the floor
ginger-cat-playing-toy-carpet-287142999.jpg|3|this is an image of a cat playing with a toy on the floor
ginger-cat-playing-toy-carpet-287142999.jpg|4|there is a cat that is playing with a toy on the floor
HD-wallpaper-cobra-snake.jpg|0|portrait of a cobra on the ground with its mouth open and tongue out
HD-wallpaper-cobra-snake.jpg|1|portrait of a cobra on the ground with its tongue out
HD-wallpaper-cobra-snake.jpg|2|there is a snake that is sitting on the ground with it ' s head in the air
HD-wallpaper-cobra-snake.jpg|3|photograph of a cobra standing on its hind legs on the ground
HD-wallpaper-cobra-snake.jpg|4|there is a close up of a snake on the ground
hhh.jpg|0|brown and white cow standing in a green field with a blue sky in the background
hhh.jpg|1|there is a cow that is standing in the grass looking at the camera
hhh.jpg|2|blond cow standing in a field of green grass with a blue sky in the background
hhh.jpg|3|brown and white cow standing in a field of grass with a blue sky in the background
hhh.jpg|4|this is a cow that is standing in the grass looking at the camera
istockphoto-147298724-1024x1024.jpg|0|there is a man standing behind a chain link fence with his hands in the air
istockphoto-147298724-1024x1024.jpg|1|portrait of a man behind a chain link fence with his hands in the air
istockphoto-147298724-1024x1024.jpg|2|this is a picture of a man standing behind a chain link fence
istockphoto-147298724-1024x1024.jpg|3|portrait of a man behind a chain link fence with his hands in the air
istockphoto-147298724-1024x1024.jpg|4|chain link fence in front of a man with his hands on the top of the chain link fence
istockphoto-1127370433-612x612.jpg|0|this is a cat playing with a tennis ball on the floor
istockphoto-1127370433-612x612.jpg|1|kitten playing with a tennis ball on the floor in front of a window
istockphoto-1127370433-612x612.jpg|2|there is a cat that is laying on the floor with a tennis ball
istockphoto-1127370433-612x612.jpg|3|fuzzy cat playing with a tennis ball on the floor in front of a window
istockphoto-1127370433-612x612.jpg|4|there is a cat that is playing with a tennis ball on the floor
kitten-playing-with-ball-yarn-carpet_644690-44585.jpg|0|this is a kitten playing with a ball of yarn on the floor
kitten-playing-with-ball-yarn-carpet_644690-44585.jpg|1|this is a kitten playing with a ball of yarn on the floor
kitten-playing-with-ball-yarn-carpet_644690-44585.jpg|2|kitten playing with a ball of yarn on the floor in front of a couch
kitten-playing-with-ball-yarn-carpet_644690-44585.jpg|3|there is a kitten playing with a ball of yarn on the floor
kitten-playing-with-ball-yarn-carpet_644690-44585.jpg|4|the kitten is playing with a ball of yarn on the floor
kitty-little-cat-playing-wool-carpet-32354387.jpg|0|yellow kitten playing with a red ball of yarn on the floor
kitty-little-cat-playing-wool-carpet-32354387.jpg|1|orange kitten playing with a ball of yarn on the floor
kitty-little-cat-playing-wool-carpet-32354387.jpg|2|there is a cat playing with a ball of yarn on the floor
kitty-little-cat-playing-wool-carpet-32354387.jpg|3|beige cat playing with a red ball of yarn on the floor
kitty-little-cat-playing-wool-carpet-32354387.jpg|4|there is a cat playing with a ball of yarn on the floor
little-cat-playing-with-wool-on-the-carpet-KN2WC2.jpg|0|this is an image of a cat playing with a ball of yarn - stock image
little-cat-playing-with-wool-on-the-carpet-KN2WC2.jpg|1|an orange tabby cat laying on the floor with a ball of yarn in front of him - stock image
little-cat-playing-with-wool-on-the-carpet-KN2WC2.jpg|2|this is an image of a cat playing with a ball of yarn - stock image
little-cat-playing-with-wool-on-the-carpet-KN2WC2.jpg|3|yellow cat playing with a ball of yarn on the floor in front of a basket - stock image
little-cat-playing-with-wool-on-the-carpet-KN2WC2.jpg|4|orange tabby cat lying on the carpet with a ball of yarn in front of him and looking at the camera - stock image
majestic-white-horse-running-through-field-of-yellow-flowers-free-photo.jpg|0|there is a white horse running through a field of yellow flowers
majestic-white-horse-running-through-field-of-yellow-flowers-free-photo.jpg|1|there is a white horse running through a field of yellow flowers
majestic-white-horse-running-through-field-of-yellow-flowers-free-photo.jpg|2|beige horse running in a field of yellow flowers with trees in the background
majestic-white-horse-running-through-field-of-yellow-flowers-free-photo.jpg|3|blond horse running in a field of dandelions with trees in the background
majestic-white-horse-running-through-field-of-yellow-flowers-free-photo.jpg|4|there is a white horse running through a field of yellow flowers
MIT-Labby-01.jpg|0|herd of black and white cows standing in a field of tall grass
MIT-Labby-01.jpg|1|some black and white cows are standing in a field of tall grass
MIT-Labby-01.jpg|2|herd of black and white cows standing in a grassy field with mountains in the background
MIT-Labby-01.jpg|3|herd of black and white cows standing in a grassy field with mountains in the background
MIT-Labby-01.jpg|4|group of black and white cows standing in a grassy field with mountains in the background
OIP.jpg|0|there is a brown and white cow standing in a field of grass
OIP.jpg|1|there is a brown and white cow standing in a field of grass
OIP.jpg|2|this is an image of a brown and white cow standing in a field
OIP.jpg|3|brown and white cow with horns standing in a field of green grass
OIP.jpg|4|brown and white cow with horns standing in tall grass looking at the camera
pexels-matthiaszomer-422218.jpg|0|there are three cows that are standing in the grass together
pexels-matthiaszomer-422218.jpg|1|three black and white cows standing in a field next to a wooden bench
pexels-matthiaszomer-422218.jpg|2|there are two black and white cows standing in a field
pexels-matthiaszomer-422218.jpg|3|two black and white cows standing next to each other on a lush green field
pexels-matthiaszomer-422218.jpg|4|there are two black and white cows standing together in a field
pexels-wildlittlethingsphoto-1996337.jpg|0|they are two white horses running in a field with trees in the background
pexels-wildlittlethingsphoto-1996337.jpg|1|this is a picture of a white horse running in a field
pexels-wildlittlethingsphoto-1996337.jpg|2|there is a white horse that is running in the grass
pexels-wildlittlethingsphoto-1996337.jpg|3|this is an image of a white horse running in a field
pexels-wildlittlethingsphoto-1996337.jpg|4|greenish white horse running in a field of grass with trees in the background
snake-1634293_1280.jpg|0|there is a green snake that is sitting on a tree branch
snake-1634293_1280.jpg|1|there is a green snake that is sitting on a tree branch
snake-1634293_1280.jpg|2|there is a green snake that is sitting on a tree branch
snake-1634293_1280.jpg|3|there is a green snake that is sitting on a tree branch
snake-1634293_1280.jpg|4|bright green snake sitting on a branch of a tree in the jungle
snake-7256057_1280.jpg|0|branch of a tree with a blue snake on it ' s side
snake-7256057_1280.jpg|1|close up of a blue snake on a branch with trees in the background
snake-7256057_1280.jpg|2|this is a close up of a blue snake on a tree branch
snake-7256057_1280.jpg|3|close up of a blue snake on a tree branch with leaves in the background
snake-7256057_1280.jpg|4|there is a blue snake that is sitting on a tree branch
sss.jpg|0|they are two dogs playing with a ball on the side of the road
sss.jpg|1|dogs are playing with a ball on the road in the middle of the day
sss.jpg|2|they are two dogs playing with a ball on the side of the road
sss.jpg|3|there is a dog that is playing with a ball on the road
sss.jpg|4|there is a dog that is playing with a ball on the road
thumb-1920-650144.jpg|0|there is a black and white cow that is standing in the grass
thumb-1920-650144.jpg|1|there is a black and white cow that is standing in the grass
thumb-1920-650144.jpg|2|horned black and white cow standing in a grassy field with trees in the background
thumb-1920-650144.jpg|3|herd of black and white cows standing in a field of green grass
thumb-1920-650144.jpg|4|##ng a black and white cow standing in a green field with trees in the background
